,BIN Number,Inspector ID,R.Section of Law,R.I_CODE,R.New I_CODE
0,3061534,3055,3,0,0
1,4012207,3050,3,0,0
2,1089974,3077,3,0,0
3,3077509,2982,3,0,0
4,4607281,3050,3,0,0
5,3219270,2829,3,0,0
6,3426325,3047,3,0,0
7,1050732,2868,3,0,0
8,3155666,2984,3,0,0
9,3061648,3085,3,0,0
10,3054306,2984,3,0,0
11,3426259,3055,3,0,0
12,4043627,2884,3,0,0
13,4060472,2884,3,0,0
14,2129056,2839,9,1,1
15,2129056,2783,9,1,1
16,2011670,2865,9,1,1
17,3048528,2884,9,1,1
18,3068349,2879,9,1,1
19,3398459,2978,9,1,1
20,1071159,2839,9,1,1
21,4030484,3050,9,1,1
22,3426034,2884,9,1,1
23,3179194,2879,9,1,1
24,3421382,2829,9,1,1
25,3328935,3077,9,1,1
26,1054206,2783,9,1,1
27,3425720,2884,9,1,1
28,4537881,3050,9,1,1
29,2011669,2865,9,1,1
30,3068350,2879,9,1,1
31,3426845,3047,9,1,1
32,2057812,3053,9,1,1
33,3425443,3048,9,1,1
34,3426284,2783,9,1,1
35,1015729,3048,9,1,1
36,3053763,2841,9,1,1
37,3323023,2774,9,1,1
38,3335676,3048,9,1,1
39,3000412,2801,9,1,1
40,1055265,3073,9,1,1
41,1064211,2868,9,1,1
42,3239976,2982,9,1,1
43,3323455,2978,9,1,1
44,1090540,2868,6,2,0
45,3424892,3044,6,2,0
46,3080468,3048,6,2,2
47,1015457,2783,6,2,2
48,3061635,2987,6,2,2
49,2124649,3096,6,2,2
50,1090692,2984,6,2,2
51,1030881,2783,6,2,2
52,3808198,2958,6,2,2
53,3049186,2978,6,2,2
54,3426326,3047,6,2,2
55,4063365,2995,6,2,2
56,3060768,2774,6,2,2
57,3014802,2829,6,2,2
58,2051401,2796,6,2,2
59,3080468,3048,6,2,2
60,3018982,2995,6,2,2
61,1024947,3068,6,2,2
62,1087928,3141,6,2,2
63,2000537,2839,6,2,2
64,1090530,3141,6,2,2
65,3070197,2976,6,2,2
66,2124649,2870,6,2,2
67,3068415,3117,6,2,2
68,4002138,3050,6,2,2
69,3418326,2829,6,2,2
70,1024947,3141,6,2,2
71,3038957,3117,6,2,2
72,3064046,2881,6,2,2
73,4596930,2829,6,2,2
74,2803637,2796,6,2,2
75,2830635,2958,6,2,2
76,2830634,2958,6,2,2
77,4063365,2978,6,2,2
78,2000537,2796,6,2,2
79,3118827,3053,6,2,2
80,3323539,3053,6,2,2
81,4594862,2978,6,2,2
82,1000041,3048,6,2,2
83,4537881,3050,6,2,2
84,3071284,2958,6,2,2
85,3005470,2989,6,2,2
86,1070806,3050,6,2,2
87,3003806,2987,6,2,2
88,3009318,2796,6,2,2
89,3203146,3085,6,2,2
90,3077207,3085,6,2,2
91,2094641,2989,6,2,2
92,1090830,2796,6,2,2
93,3426845,3085,6,2,2
94,3060902,3050,6,2,2
95,3071352,2801,6,2,2
96,1022613,2801,6,2,2
97,4113424,2783,6,2,2
98,3130925,2941,6,2,2
99,1008847,2619,6,2,2
100,3425802,2958,6,2,2
101,1008847,2958,6,2,2
102,2128440,2841,6,2,2
103,1008847,2958,6,2,2
104,3021358,2941,6,2,2
105,5164579,2829,6,2,2
106,1008899,3048,6,2,2
107,4607474,2841,6,2,2
108,1042825,2978,6,2,2
109,1014575,3141,6,2,4
110,1014280,2732,6,2,4
111,1020438,3163,6,2,4
112,2012642,2783,6,2,4
113,3000208,2879,6,2,4
114,3080036,2881,6,2,4
115,1014260,2829,6,2,4
116,1017843,2783,6,2,4
117,1807834,2987,6,2,4
118,1017084,3141,6,2,4
119,1014280,2783,6,2,4
120,4596913,3077,6,2,4
121,3818775,2989,6,2,4
122,3049542,3133,6,2,4
123,3049542,3133,6,2,4
124,3049542,2783,6,2,4
125,4209575,2829,6,2,4
126,3063055,3050,6,2,4
127,4619618,2941,6,2,4
128,1050764,3086,6,2,4
129,1075884,3050,6,2,4
130,3425513,3047,6,2,4
131,1080215,3129,6,2,4
132,1813030,3141,6,2,4
133,3428569,2987,6,2,4
134,3828342,2987,6,2,4
135,3326192,2989,6,2,4
136,1001487,2989,6,2,4
137,4619571,2941,6,2,4
138,3055940,3047,6,2,5
139,2013659,2796,6,2,6
140,2013658,2796,6,2,6
141,1090071,2868,6,2,6
142,4312083,2801,6,2,6
143,1077418,3080,6,2,6
144,1077418,3068,6,2,6
145,1077418,3048,6,2,6
146,4160990,3050,6,2,6
147,1015154,3129,6,2,7
148,1046294,3048,6,2,7
149,2006861,2865,6,2,7
150,3425770,2841,6,2,7
151,3062928,2958,6,2,7
152,1062334,3141,6,2,8
153,1000849,3073,6,2,8
154,1006472,2987,6,2,8
159,3119862,2829,6,2,9
160,1087118,3075,6,2,11
161,3003109,2774,6,2,11
162,3817434,3048,6,2,11
163,1040356,3141,6,2,11
164,3049520,2987,6,2,11
165,3411833,3085,6,2,11
166,2083678,2989,6,2,11
167,3053728,2995,6,2,16
168,3053728,2841,6,2,16
169,3421764,2884,6,2,17
170,1090540,3048,6,2,17
171,3014209,3084,6,2,17
172,3014209,3084,6,2,17
173,1062371,2980,6,2,17
174,4012207,3050,6,2,17
175,4015572,2958,6,2,17
176,3045592,2995,6,2,17
177,2128935,3069,6,2,17
178,1062371,3141,6,2,17
179,3045592,3048,6,2,17
180,2128935,2841,6,2,17
181,1057032,2868,6,2,17
182,1017828,2783,6,2,17
183,1080322,2829,6,2,17
184,3044200,2987,6,2,17
185,3027847,2879,6,2,17
186,4003177,2987,6,2,17
187,3132935,3044,6,2,17
188,4617796,2879,6,2,17
189,2050004,3077,6,2,17
190,3044716,2987,6,2,17
191,3330366,3044,6,2,17
192,3398476,3044,6,2,17
193,3388747,3044,6,2,17
194,4033709,2783,6,2,17
197,4004985,2978,6,2,12
198,4614981,3050,6,2,12
199,3425969,2879,6,2,12
200,3421818,3133,6,2,12
201,3421818,2801,6,2,12
202,3070772,2796,6,2,12
203,3036843,2783,6,2,12
204,1045185,3047,6,2,12
205,1030943,3047,6,2,12
206,3031866,2783,6,2,14
207,4005438,2420,6,2,14
208,4623007,2879,6,2,14
209,2008173,2783,6,2,14
210,3425733,2941,6,2,14
211,3425733,2941,6,2,14
212,4006903,2995,6,2,14
213,4006903,3117,6,2,14
214,3117889,2456,6,2,14
215,3057331,3086,6,2,14
216,3057331,3129,6,2,14
217,3062490,2456,6,2,14
218,3062490,2796,6,2,14
219,1090447,2868,6,2,14
220,3426313,2783,6,2,14
221,4174775,2783,6,2,14
222,3036844,2783,6,2,14
223,4163109,2783,6,2,14
224,1014554,2796,6,2,14
225,3119764,3084,6,2,14
226,3421818,2941,6,2,14
227,4200225,2783,6,2,14
228,3338780,2783,6,2,14
229,3413924,2780,6,2,14
234,3049747,2989,6,2,20
235,3049751,2989,6,2,20
236,3054204,2829,11,3,2
237,1015400,3141,11,3,2
238,3425883,3048,11,3,2
239,4005063,3050,11,3,2
240,1038647,2868,11,3,2
241,3425870,3053,11,3,2
242,4005637,2796,11,3,2
243,2084006,3085,11,3,2
244,1000815,3085,11,3,2
245,4614734,2829,11,3,2
246,3425955,3077,11,3,2
247,3179480,2982,11,3,2
248,3330330,3077,11,3,2
249,1090814,3044,11,3,2
250,3185913,2829,11,3,2
251,1090547,3050,11,3,2
252,2055332,2796,11,3,2
253,4017170,3085,11,3,2
254,3039163,3047,11,3,2
255,4020281,3044,11,3,2
256,3118850,3085,11,3,2
257,3063705,3086,11,3,2
258,3063705,3086,11,3,2
259,1053938,3141,11,3,2
260,4594905,2978,11,3,2
261,3063705,3058,11,3,2
262,3330494,3117,11,3,2
263,3337390,3117,11,3,2
264,4438804,3050,11,3,2
265,3830946,2884,11,3,2
266,3063705,2796,11,3,2
267,3063705,2796,11,3,2
268,3063431,2881,11,3,2
269,4022510,3059,11,3,2
270,3219270,2829,11,3,2
271,1080621,2796,11,3,2
272,1014260,2879,11,3,2
273,3048421,2865,11,3,2
274,1002611,2829,11,3,2
275,3140922,2829,11,3,2
276,3117945,2879,11,3,2
277,3423939,3050,11,3,2
278,4596913,3048,11,3,2
279,3154977,2865,11,3,2
280,3126565,3141,11,3,2
281,1005639,3050,11,3,2
282,1063629,2987,11,3,2
283,4004968,3064,11,3,2
284,1043972,3048,11,3,2
285,3055533,3051,11,3,2
286,1033683,3044,11,3,2
287,1041054,3048,11,3,2
288,1007581,3047,11,3,2
289,2830634,2868,11,3,2
290,2830635,2868,11,3,2
291,3061607,3048,11,3,2
292,1090683,3158,14,4,3
293,4040396,3116,14,4,3
294,3137492,2884,14,4,3
295,3137493,2884,14,4,3
296,2128725,2796,14,4,3
297,4618382,2884,14,4,3
298,2001327,2865,14,4,3
299,3065902,2801,14,4,3
300,3423486,2841,14,4,3
301,3426582,2865,14,4,3
302,3426583,2865,14,4,3
303,3424570,3129,8,5,4
304,3424571,3129,8,5,4
305,2129282,3064,8,5,4
306,1056647,3080,12,6,5
307,1081314,3086,12,6,5
308,1006572,2982,12,6,5
309,4607819,2801,12,6,5
310,1030845,2881,12,6,5
311,4539518,3044,12,6,5
312,1060187,3117,12,6,5
313,1014424,3039,12,6,5
314,1090832,2884,12,6,5
315,1017077,2987,12,6,5
316,3055940,3039,12,6,5
317,1056647,2868,12,6,5
318,1001648,3086,12,6,5
319,4206854,3133,12,6,5
320,3391008,2995,12,6,5
321,1039997,3116,12,6,5
322,1017084,3039,12,6,5
323,1017084,3075,12,6,5
324,4613474,3044,12,6,5
325,3391008,2995,12,6,5
327,1020599,3048,12,6,20
328,3337390,3084,12,6,5
329,1014449,2987,12,6,5
330,1809790,2987,12,6,5
331,2010644,3050,12,6,5
332,2010644,3050,12,6,5
333,2090447,2865,12,6,5
334,1046686,3077,12,6,5
335,3426636,3086,12,6,5
336,4608415,2976,12,6,5
337,3324946,2841,12,6,5
338,1090274,3084,12,6,5
339,1083247,2982,12,6,5
340,3426636,3047,12,6,5
341,3426365,2732,12,6,5
342,3426365,3133,12,6,5
343,2128886,2783,12,6,5
344,1081179,3086,12,6,5
345,4623027,2980,12,6,5
346,1005484,2985,12,6,5
347,1062675,3047,12,6,5
348,1087770,3048,12,6,5
349,1090447,2987,12,6,5
350,3426365,3133,12,6,5
351,2016732,3080,12,6,5
352,3425513,3055,12,6,5
353,3426365,3055,12,6,5
354,2016732,3141,12,6,5
355,1090742,2801,12,6,5
356,4607340,3117,12,6,5
357,4618575,3070,12,6,5
358,3030974,3084,12,6,5
359,1083340,3141,12,6,5
360,3328935,3053,12,6,5
361,3424570,3129,12,6,5
362,1015171,3050,12,6,5
363,1042125,3085,12,6,5
364,3118533,3053,12,6,5
365,1027119,2651,12,6,5
366,1087948,2783,12,6,5
367,4216211,3044,12,6,5
368,1027119,3085,12,6,5
369,4000561,2987,12,6,5
370,1004593,2982,12,6,5
371,3418325,3085,12,6,5
372,4618935,3117,12,6,5
373,1004593,2982,12,6,5
374,1051164,3044,12,6,5
375,1008962,2783,12,6,5
376,4213633,3084,12,6,5
377,5110105,2978,12,6,5
378,1079621,3048,12,6,5
379,3055384,2841,12,6,5
380,3330019,2984,12,6,5
381,1080576,3085,12,6,5
382,1053478,2783,12,6,5
383,3424183,2978,12,6,5
384,3073097,2984,12,6,5
385,3165274,3044,12,6,5
386,1090782,2829,12,6,5
387,3396746,3039,12,6,5
388,3856329,3086,12,6,5
389,3063648,2829,12,6,5
390,3063133,3044,12,6,5
391,1064133,2868,12,6,5
392,3061470,3059,12,6,5
393,1001280,2982,12,6,5
394,1014449,2987,12,6,5
395,4618329,2941,12,6,5
396,1090738,3085,12,6,5
397,1090860,3084,12,6,5
398,1005635,3048,12,6,5
399,3396746,3039,12,6,5
400,1090740,3096,12,6,5
401,1064210,3086,12,6,5
402,2002785,2870,12,6,5
403,4004882,2982,12,6,5
404,1015492,2984,12,6,5
405,3325006,2976,12,6,5
406,1028619,3073,12,6,5
407,3110166,2829,12,6,5
408,1090740,3044,12,6,5
409,3426592,2783,12,6,5
410,2127285,2989,12,6,5
411,1081179,3044,12,6,5
412,2129154,3141,12,6,5
413,3398233,3102,12,6,5
414,1023166,3073,12,6,5
415,3426584,2995,12,6,5
416,1015650,3141,12,6,5
417,3223073,3085,12,6,5
418,4607559,3059,12,6,5
419,5170161,2984,12,6,5
420,1006432,2982,12,6,5
421,2129503,3050,12,6,5
422,4079308,3040,12,6,5
423,1012290,2987,12,6,5
424,1046842,2841,12,6,5
425,2090994,2783,12,6,5
426,4619112,3044,12,6,5
427,1000807,3086,12,6,5
428,1057739,3116,12,6,5
429,4305631,3084,12,6,5
430,1076822,2987,12,6,5
431,1047419,3141,12,6,5
432,2128429,2783,12,6,5
433,1017205,3086,12,6,5
434,1038647,3075,12,6,5
435,1090823,3050,12,6,5
436,1015038,3129,12,6,5
437,1020579,3048,12,6,5
438,2129154,3141,12,6,5
439,1015650,2651,12,6,5
440,1015650,3141,12,6,5
441,1038647,3050,12,6,5
442,1018311,3085,12,6,5
443,4307724,2783,12,6,5
444,3107004,3084,12,6,5
445,4210560,2987,12,6,5
446,1090347,3117,12,6,5
447,3117884,2995,12,6,5
448,4044233,2987,12,6,5
449,4800517,3077,12,6,5
450,4619476,3084,12,6,5
451,3129155,3047,12,6,5
452,3117884,3044,12,6,5
453,4618176,3084,12,6,5
454,3129155,3047,12,6,5
455,3077017,2982,12,6,5
456,3424226,3084,12,6,5
457,3421810,3044,12,6,5
458,3166903,2982,12,6,5
459,1080979,2884,12,6,5
460,3425020,3044,12,6,5
461,1087937,3048,12,6,5
462,5095366,2984,12,6,5
463,3138149,2984,12,6,5
464,3064046,3047,17,7,6
465,3117142,2801,17,7,6
466,4617734,3084,17,7,6
467,3424823,3085,17,7,6
468,4619718,2941,17,7,6
469,1090533,3053,17,7,6
470,3418366,2865,17,7,6
471,3071237,3044,17,7,6
472,2017641,2989,17,7,6
473,3811206,3048,17,7,6
474,1063354,2868,17,7,6
475,3329905,2987,17,7,6
476,1090776,2987,17,7,6
477,3426770,3050,17,7,6
478,4216421,2841,17,7,6
479,4004370,2783,17,7,6
480,4595994,2841,17,7,6
481,4619556,3059,17,7,6
482,3426836,2879,17,7,6
483,3032506,2987,17,7,6
484,3830946,2958,17,7,6
485,4213677,2841,17,7,6
486,3068597,2958,17,7,6
487,3426412,2978,17,7,6
488,3061713,2989,17,7,6
489,3064912,3048,17,7,6
490,3426540,2829,17,7,6
491,4619672,2879,17,7,6
492,3002212,3050,17,7,6
493,4258240,2841,17,7,6
494,1088693,2958,17,7,6
495,1006572,2958,17,7,6
496,1007981,3047,17,7,6
497,4617767,2841,17,7,6
498,3259613,3085,17,7,6
499,4004666,3048,17,7,6
500,4609936,2987,17,7,6
501,2129300,2989,17,7,6
502,3072876,2881,17,7,6
503,1090376,3047,17,7,6
504,2129167,3077,17,7,6
505,3019152,2796,17,7,6
506,1090483,3051,17,7,6
507,4597148,2941,17,7,6
508,3424614,3044,17,7,6
509,3424780,3044,17,7,6
510,1090813,3051,17,7,6
511,3426301,3084,17,7,6
512,4113424,2879,17,7,6
513,4443297,2783,17,7,6
514,3428553,3044,17,7,6
515,1063970,2868,17,7,6
516,1089412,2941,17,7,6
517,1089412,2941,17,7,6
518,1089412,2941,17,7,6
519,1089412,2941,17,7,6
520,1089412,2941,17,7,6
521,1062944,2868,17,7,6
522,3835080,3048,17,7,6
523,1013789,3044,17,7,6
524,3345998,2958,17,7,6
525,3426836,2879,17,7,6
526,4044378,2881,17,7,6
527,4607363,2783,17,7,6
528,2012642,2783,17,7,6
529,1050477,3085,17,7,6
530,2012298,2796,17,7,6
531,2094444,2958,17,7,6
532,4618176,2841,17,7,6
533,4109378,2879,17,7,6
534,4005624,2879,17,7,6
535,1813030,3047,17,7,6
536,3130469,2941,17,7,6
537,1090357,3047,17,7,6
538,1001639,3085,17,7,6
539,1047689,3048,17,7,6
540,2128412,3077,17,7,6
541,3059506,2801,17,7,6
542,1081164,2829,17,7,6
543,2007858,2783,17,7,6
544,3032116,2879,17,7,6
545,3038367,2978,17,7,6
546,2010639,2783,17,7,6
547,2129428,2796,17,7,6
548,1009137,2829,17,7,6
549,5171081,2789,17,7,6
550,3024519,3085,17,7,6
551,2129016,2796,17,7,6
552,3079907,2796,17,7,6
553,3421880,2987,17,7,6
554,1014557,2958,17,7,6
555,3322935,3047,17,7,6
556,2003872,2879,17,7,6
557,3034873,2801,17,7,6
558,4215616,2989,17,7,6
559,2129472,2989,17,7,6
560,2014511,2865,17,7,6
561,4115451,3044,17,7,6
562,4082119,2941,17,7,6
563,3063055,3047,17,7,6
564,2128755,2989,17,7,6
565,2094641,2989,17,7,6
566,3100099,2987,17,7,6
567,4192781,2879,17,7,6
568,3395434,3044,17,7,14
569,1013332,2868,17,7,14
570,1080322,3048,17,7,14
571,4226158,2841,17,7,6
572,1082321,3102,17,7,6
573,3426500,3059,17,7,6
574,4614981,2987,17,7,6
575,4000479,2865,17,7,6
576,4124618,3070,17,7,6
577,4124618,2456,17,7,6
578,4124618,3050,17,7,6
579,3205923,2865,17,7,6
580,4193865,3044,17,7,6
581,3815400,2879,17,7,6
582,1017205,3075,17,7,6
583,1017205,3050,17,7,6
584,1082709,2884,17,7,6
585,3397264,2879,17,7,6
586,3100099,2884,17,7,6
587,1090479,3048,17,7,6
588,3189556,2865,17,7,6
589,4000019,2868,17,7,6
590,1001870,3050,17,7,6
591,4614987,2958,17,7,6
592,2098986,2783,17,7,6
593,1055495,2868,17,7,6
594,3191536,2884,17,7,6
595,3010094,3102,17,7,6
596,4607281,2783,17,7,6
597,3006500,3163,17,7,6
598,3077043,3102,17,7,6
599,3107004,3084,17,7,6
600,2001531,3064,17,7,6
601,1080067,3047,17,7,6
602,3322792,2984,17,7,6
603,3107441,2865,17,7,6
604,2127129,3141,17,7,6
605,1086089,3050,17,7,6
606,4282538,2841,17,7,6
607,1010329,3047,17,7,6
608,1000797,2829,17,7,6
609,1050342,3141,17,7,6
610,3141164,2884,17,7,6
611,2015305,3053,17,7,6
612,3329934,2879,17,7,6
613,1051265,3075,17,7,6
614,4448976,2987,17,7,6
615,1041883,3075,17,7,6
616,1082708,2884,17,7,6
617,3001020,2868,17,7,6
618,1041317,2865,17,7,6
619,1051265,2783,17,7,6
620,4617925,2941,17,7,6
621,1041883,3086,17,7,6
622,1053192,3086,17,7,6
623,2123412,2989,17,7,6
624,4005166,3050,17,7,6
625,1080576,2980,17,7,6
626,1041883,3048,17,7,6
627,1053192,3141,17,7,6
628,4147493,3047,17,7,6
629,1062454,3141,17,7,6
630,1063614,2865,17,7,6
631,3424751,2884,17,7,6
632,3060751,2884,17,7,6
633,3424092,2841,17,7,6
634,1090376,3048,17,7,6
635,4622994,3053,17,7,6
636,3117945,3102,17,7,6
637,3426412,3102,17,7,6
638,1005637,3117,17,7,6
639,1014007,3141,17,7,6
640,3424222,2865,17,7,6
641,3029288,3048,17,7,6
642,1047434,2941,17,7,6
643,3048062,2881,17,7,6
644,3421880,3048,17,7,6
645,4607281,3050,17,7,6
646,1021933,2941,17,7,6
647,1014262,3141,17,7,6
648,3137583,2801,17,7,6
649,3254894,2783,17,7,6
650,1042760,2783,17,7,6
651,1080576,3141,17,7,6
652,4075055,2783,17,7,6
653,3062992,2879,17,7,6
654,4618650,2987,17,7,6
655,1030037,2884,17,7,6
656,3029988,2829,17,7,6
657,3331875,2841,17,7,6
658,1078397,2865,17,7,6
659,3059946,3053,17,7,6
660,3398091,2783,17,7,6
661,1007179,2958,17,7,6
662,3000479,3050,17,7,6
663,1009108,3048,17,7,6
664,1002657,2958,17,7,6
665,3044710,2987,17,7,6
666,1003142,2783,17,7,6
667,3426286,2879,17,7,6
668,1080615,2868,17,7,6
669,4617466,2841,17,7,6
670,1058249,2868,17,7,6
671,3017308,2796,17,7,6
672,1084121,2868,17,7,6
673,3331875,2879,17,7,6
674,4042646,3047,17,7,6
675,3044710,2879,17,7,6
676,3044162,2987,17,7,6
677,3080287,3050,17,7,6
678,3399044,2958,17,7,6
679,3063858,2989,17,7,6
680,3397264,2941,17,7,6
681,3053921,2987,17,7,6
682,3425985,2982,17,7,6
683,3077210,3053,17,7,6
684,3075156,2987,17,7,6
685,3418318,3044,17,7,6
686,4619039,3055,17,7,6
687,3327047,2879,17,7,6
688,1090742,3050,17,7,6
689,4620027,2783,17,7,6
690,1084784,2783,17,7,6
691,1045173,2783,17,7,6
692,4115903,2783,17,7,6
693,3176271,2941,17,7,6
694,3426536,2884,17,7,6
695,3426817,2801,17,7,6
696,4192963,2879,17,7,6
697,4607498,2987,17,7,6
698,3424146,2884,17,7,6
699,4622992,3047,17,7,6
700,1014557,3048,17,7,6
701,3326192,2982,17,7,6
702,3044849,2989,17,7,6
703,1036469,3086,17,7,6
704,1036469,3116,17,7,6
705,1084068,3075,17,7,6
706,1055265,2865,17,7,6
707,1084068,3085,17,7,6
708,1077417,3068,17,7,6
709,1001399,2868,17,7,6
710,1056393,2796,17,7,6
711,1077415,3048,17,7,6
712,1077417,3048,17,7,6
713,1077412,3048,17,7,6
714,1012860,3050,17,7,6
715,1012860,3050,17,7,6
716,1018010,3053,17,7,6
717,1001004,3141,17,7,6
718,3426411,3048,17,7,6
719,3425624,2829,17,7,6
720,4303321,2829,17,7,6
721,1008629,2989,17,7,6
722,1090874,3047,17,7,6
723,3072833,3049,17,7,6
724,3072833,3084,17,7,6
725,3336057,3085,17,7,6
726,2124434,2989,17,7,6
727,1062935,2868,17,7,6
728,3024134,3085,17,7,6
729,1009137,2982,17,7,6
730,3076387,3131,17,7,6
731,3425802,3050,17,7,6
732,4607819,3084,17,7,6
733,1063542,3086,17,7,6
734,3140654,2987,17,7,6
735,2128412,3044,17,7,6
736,3425914,3047,17,7,6
737,1064211,2868,17,7,6
738,3414205,3047,17,7,6
739,1063542,2868,17,7,6
740,3425049,3048,17,7,6
741,3426284,3050,17,7,6
742,1009749,3047,17,7,6
743,4115152,2881,17,7,6
744,3051774,3085,17,7,6
745,3014335,2982,17,7,6
746,3425925,3050,17,7,6
747,3062928,3129,17,7,6
748,3100403,2829,17,7,6
749,3116646,2984,17,7,6
750,3321629,3076,17,7,6
751,3388699,3048,17,7,6
752,3424987,3044,17,7,6
753,3064674,2796,17,7,6
754,3044517,3085,17,7,6
755,3049541,2783,17,7,6
756,3321629,3080,17,7,6
757,3045860,3077,17,7,6
758,3426770,3050,17,7,6
759,4438162,3053,17,7,6
760,1085352,3048,17,7,6
761,4121377,2884,17,7,6
762,3055633,3085,17,7,6
763,3425612,2829,17,7,6
764,3326359,2982,17,7,6
765,3196580,2783,17,7,6
766,5016487,2984,17,7,6
767,1003564,3047,17,7,6
768,3179480,2881,17,7,6
769,3063705,3044,17,7,6
770,4042525,3084,17,7,6
771,3426522,3102,17,7,6
772,3063858,2801,17,7,6
773,5166680,3055,17,7,6
774,3077434,2841,17,7,6
775,3029483,3085,17,7,6
776,3063931,3044,17,7,6
777,3064011,3044,17,7,6
778,3331091,2884,17,7,6
779,3049793,3077,17,7,6
780,1090409,2868,17,7,6
781,3140881,2884,17,7,6
782,3051108,2868,17,7,6
783,3418116,3050,17,7,6
784,3106594,2884,17,7,6
785,3426102,2978,17,7,6
786,3813949,2774,17,7,6
787,1009749,3047,17,7,6
788,3063397,3048,17,7,6
789,3321629,2881,17,7,6
790,1050359,3096,17,7,6
791,4000491,2865,17,7,6
792,1050359,2884,17,7,6
793,3000220,3055,17,7,6
794,4618183,2987,17,7,6
795,1045974,2801,17,7,6
796,4053651,2976,17,7,6
797,1004006,3077,17,7,6
798,3059262,3084,17,7,6
799,1050359,2884,17,7,6
800,3116844,2884,17,7,6
801,3019525,3048,17,7,6
802,1091579,2868,17,7,6
803,1090820,3050,17,7,6
804,3426022,3048,17,7,6
805,1046925,3141,17,7,6
806,1090639,3116,17,7,6
807,3059939,2987,17,7,6
808,3009782,2984,17,7,6
809,4079307,2881,17,7,6
810,4177577,2884,17,7,6
811,4210124,2841,17,7,6
812,4614924,2879,17,7,6
813,1063614,2868,17,7,6
814,3059855,2989,17,7,6
815,1027366,2884,17,7,6
816,4607552,3047,17,7,6
817,1088692,2989,17,7,6
818,3148116,2881,17,7,6
819,1064203,2619,17,7,6
820,4617764,2879,17,7,6
821,3426102,2982,17,7,6
822,4015572,3084,17,7,6
823,1064203,2839,17,7,6
824,1064203,2839,17,7,6
825,3425737,3048,17,7,6
826,4015251,3084,17,7,6
827,1022616,3053,17,7,6
828,3137744,3055,17,7,6
829,3060760,2865,17,7,6
830,4018042,2884,17,7,6
831,3136388,2989,17,7,6
832,1064203,2619,17,7,6
833,4618904,3141,17,7,6
834,3005226,3047,17,7,6
835,4619565,3133,17,7,6
836,3421365,2881,17,7,6
837,3421367,2881,17,7,6
838,4617924,3050,17,7,6
839,4619694,3050,17,7,6
840,2128732,2868,17,7,6
841,3426592,2783,17,7,6
842,1064203,2868,17,7,6
843,3012274,3044,17,7,6
844,1001406,3086,17,7,6
845,3229646,3085,17,7,6
846,3057558,3048,17,7,6
847,4072423,2884,17,7,6
848,1059488,3047,17,7,6
849,3056030,3048,17,7,6
850,3425084,2984,17,7,6
851,3057324,3044,17,7,6
852,3323961,3047,17,7,6
853,3426056,2987,17,7,6
854,4008677,3044,17,7,6
855,4595634,3059,17,7,6
856,4617822,3059,17,7,6
857,3039681,3047,17,7,6
858,4311413,2884,17,7,6
859,1001406,3068,17,7,6
860,1084029,3080,17,7,6
861,3425783,3051,17,7,6
862,5006645,3044,17,7,6
863,3159643,2984,17,7,6
864,3030669,2829,17,7,6
865,4617822,3059,17,7,6
866,4619457,2879,17,7,6
867,4619565,2987,17,7,6
868,3138751,2984,17,7,6
869,3042894,2879,17,7,6
870,3336057,3048,17,7,6
871,3338648,2989,17,7,6
872,4144471,3059,17,7,6
873,4014321,2879,17,7,6
874,3057751,2982,17,7,6
875,4017003,3084,17,7,6
876,3152412,3047,17,7,6
877,3068086,2978,17,7,6
878,3832866,3059,17,7,6
879,4004559,3084,17,7,6
880,4619565,3084,17,7,6
881,4005639,3048,17,7,6
882,2130350,2989,17,7,6
883,1042046,3047,17,7,6
884,1087279,2987,17,7,6
885,3156347,2984,17,7,6
886,3398580,2884,17,7,6
887,3254185,2879,17,7,6
888,4102673,3051,17,7,6
889,2001327,2865,17,7,6
890,1001406,3129,17,7,6
891,2128826,2783,17,7,6
892,4014094,3059,17,7,6
893,1084029,3129,17,7,6
894,1003481,3050,17,7,6
895,4623050,2841,17,7,6
896,1025442,3048,17,7,6
897,3164807,2984,17,7,6
898,1017914,2868,17,7,6
899,4596010,2879,17,7,6
900,3203146,2801,17,7,6
901,1090220,2958,17,7,6
902,1090220,2958,17,7,6
903,1040722,3050,17,7,6
904,3065902,3076,17,7,6
905,3030662,3055,17,7,6
906,3032968,2884,17,7,6
907,4618508,3047,17,7,6
908,4053651,3044,17,7,6
909,1026772,3085,17,7,6
910,3392149,2801,17,7,6
911,1054628,3048,17,7,6
912,1081593,2796,17,7,6
913,4053651,3044,17,7,6
914,3157206,3044,17,7,6
915,3031866,2841,17,7,6
916,3060187,2976,17,7,6
917,3425001,2884,17,7,6
918,1090710,3050,17,7,6
919,1064203,2884,17,7,6
920,4030300,3084,17,7,6
921,2128739,2865,17,7,6
922,2129123,2865,17,7,6
923,3074542,2987,17,7,6
924,3428543,2879,17,7,6
925,2112996,2989,17,7,6
926,1090651,3048,17,7,6
927,3398245,2982,17,7,6
928,4097918,3077,17,7,6
929,4617675,2829,17,7,6
930,3330615,3085,17,7,6
931,3077017,3084,17,7,6
932,4114909,3084,17,7,6
933,3221215,2619,17,7,6
934,4114910,3084,17,7,6
935,1015919,3050,17,7,6
936,4617946,3077,17,7,6
937,1062307,2989,17,7,6
938,3424571,2958,17,7,6
939,1034324,2987,17,7,6
940,1034856,2868,17,7,6
941,3023382,3085,17,7,6
942,4070735,2958,17,7,6
943,3827143,3084,17,7,6
944,3825231,2879,17,7,6
945,3823657,2841,17,7,6
946,5166594,2984,17,7,6
947,1078330,3050,17,7,6
948,2128894,2868,17,7,6
949,3049004,3076,17,7,6
950,3221215,2982,17,7,6
951,4007828,2879,17,7,6
952,3066014,3055,17,7,6
953,3065902,2865,17,7,6
954,4006942,2369,17,7,6
955,4619558,2881,17,7,6
956,3053132,2987,17,7,6
957,1009137,2978,17,7,6
958,3007376,3084,17,7,6
959,1014489,3055,17,7,6
960,4302025,2879,17,7,6
961,1024663,2941,17,7,6
962,2082610,3064,17,7,6
963,3048974,2841,17,7,6
964,3049004,2987,17,7,6
965,4619700,3084,17,7,6
966,1012061,3044,17,7,6
967,3424618,3050,17,7,6
968,3426144,3050,17,7,6
969,3426771,3050,17,7,6
970,4214586,2879,17,7,6
971,3426412,2978,17,7,6
972,4840477,3084,17,7,6
973,1008474,3050,17,7,6
974,4607552,2881,17,7,6
975,2086137,2989,17,7,6
976,3049793,2727,17,7,6
977,3325956,2801,17,7,6
978,3200299,2879,17,7,6
979,4020281,3059,17,7,6
980,4189972,3048,17,7,6
981,4223915,2420,17,7,6
982,3426894,2985,17,7,6
983,2051328,2989,17,7,6
984,4607819,3051,17,7,6
985,4208498,3059,17,7,6
986,3423863,2982,17,7,6
987,1053577,2941,17,7,6
988,4117403,3044,17,7,6
989,4226158,2535,17,7,6
990,4446392,2783,17,7,6
991,4437698,2941,17,7,6
992,3036604,2978,17,7,6
993,4240423,2783,17,7,6
994,1090495,2783,17,7,6
995,4617714,2982,17,7,6
996,3856329,3051,17,7,6
997,3426894,3053,17,7,6
998,3009198,2941,17,7,6
999,3004770,2958,17,7,6
1000,3061713,3051,17,7,6
1001,3120473,3047,17,7,6
1002,3332279,3044,17,7,6
1003,3426852,3047,17,7,6
1004,4051906,2783,17,7,6
1005,4010601,2420,17,7,6
1006,3338471,2958,17,7,6
1007,4617925,2980,17,7,6
1008,1010692,2989,17,7,6
1009,1005637,3050,17,7,6
1010,1005638,3050,17,7,6
1011,1005635,3050,17,7,6
1012,4618566,2801,17,7,6
1027,1069590,3116,0,8,7
1028,1087293,3048,0,8,7
1029,3117278,3117,0,8,7
1030,3394335,2801,0,8,7
1031,3063055,3047,0,8,7
1032,1089659,2868,0,8,7
1033,3076154,2619,0,8,7
1034,3076154,2801,0,8,7
1035,3072833,2801,0,8,7
1036,1091582,3050,0,8,7
1037,4143518,3047,0,8,7
1038,1090390,3050,0,8,7
1039,3396746,3044,0,8,7
1040,4618852,2783,0,8,7
1041,1008433,3051,0,8,7
1042,2124623,2868,0,8,7
1048,1050764,2884,10,9,4
1049,1081314,2879,10,9,5
1050,1014424,2987,10,9,5
1051,1017084,3086,10,9,5
1052,1017084,2982,10,9,5
1053,1018548,2829,10,9,8
1054,1062334,3080,10,9,8
1055,1091568,3117,10,9,8
1056,1087937,2884,10,9,8
1057,1050544,2978,10,9,8
1058,3116661,3085,10,9,8
1059,1045264,2841,10,9,8
1060,1091569,2987,10,9,8
1061,1044879,2978,10,9,8
1062,2091950,2783,10,9,8
1063,3390174,3086,10,9,8
1064,1062334,3075,10,9,8
1065,1090579,2982,10,9,8
1066,3425101,2879,10,9,8
1067,1034477,2774,10,9,8
1068,2129119,3141,10,9,8
1069,1034123,3053,10,9,8
1070,1084616,3050,10,9,8
1071,1090671,3050,10,9,8
1072,4618402,3117,10,9,8
1073,1015478,2982,10,9,8
1074,1090815,2879,10,9,8
1075,1090671,3050,10,9,8
1076,1000849,2868,10,9,8
1077,1072630,3129,10,9,8
1078,1087118,2987,10,9,11
1079,2130381,3117,10,9,8
1080,4596213,2987,10,9,8
1081,1090636,3044,10,9,8
1082,2129428,3141,10,9,8
1083,3008075,3117,10,9,8
1084,3054155,2987,10,9,8
1085,3336994,3044,10,9,8
1086,3426584,3055,10,9,8
1087,4240423,2879,10,9,8
1088,3388699,3072,10,9,8
1089,2128955,3053,10,9,8
1090,1026982,3053,10,9,8
1091,1014282,3048,10,9,8
1092,1043866,3083,10,9,8
1093,1088537,3048,10,9,8
1094,4617822,2987,10,9,8
1095,3323299,2783,10,9,8
1096,4618650,2732,10,9,8
1097,2129056,3053,10,9,8
1098,1074035,2841,10,9,8
1099,3033161,3085,10,9,8
1100,3425666,2989,10,9,8
1101,3425188,2865,10,9,8
1102,1090848,3044,10,9,8
1103,4850122,3050,10,9,8
1104,3071210,3044,10,9,8
1105,1090512,3084,10,9,8
1106,1017230,3048,10,9,8
1107,1003688,2987,10,9,8
1108,4449614,2841,10,9,8
1109,2129061,2619,10,9,8
1110,1018240,2801,10,9,8
1111,1023395,3048,10,9,8
1112,3421435,3085,10,9,8
1113,1023166,3048,10,9,8
1114,3336719,2941,10,9,8
1115,4051254,2841,10,9,8
1116,1001042,2989,10,9,8
1117,3425902,2732,10,9,8
1118,3800502,2884,10,9,8
1119,1015255,2982,10,9,8
1120,1079771,3044,10,9,8
1121,1082271,2881,10,9,8
1122,4039133,2881,10,9,8
1123,1084116,3044,10,9,8
1124,4619672,2783,10,9,8
1125,5166155,3077,10,9,8
1126,1090693,2829,10,9,8
1127,4454885,3047,10,9,8
1128,1016294,2982,10,9,8
1129,4618575,2841,10,9,8
1130,1001042,2881,10,9,8
1131,1042429,3048,10,9,8
1132,1042771,3096,10,9,8
1133,3426034,3039,10,9,8
1134,2129326,3141,10,9,8
1135,1000807,2651,10,9,8
1136,1056604,3073,10,9,8
1137,1024663,2879,10,9,8
1138,1090808,2783,10,9,8
1139,1015859,3084,10,9,8
1140,1018159,2865,10,9,8
1141,1041317,2783,10,9,8
1142,1042771,2783,10,9,8
1143,1042823,2783,10,9,8
1144,3426385,3048,10,9,8
1145,1056586,2783,10,9,8
1146,1018468,2987,10,9,8
1147,4000561,2868,10,9,8
1148,1056604,3129,10,9,8
1149,1071159,3053,10,9,8
1150,3054897,2884,10,9,8
1151,1080484,3129,10,9,8
1152,1055265,3086,10,9,8
1153,1064211,3075,10,9,8
1154,1002934,3085,10,9,8
1155,3139165,3040,10,9,8
1156,3143291,3040,10,9,8
1157,1047539,2841,10,9,8
1158,4170126,2980,10,9,8
1159,3168886,3133,10,9,8
1160,1090462,2884,10,9,8
1161,4050412,2841,10,9,8
1162,1043992,2841,10,9,8
1163,1016018,3085,10,9,8
1164,4596046,3055,10,9,8
1175,2128983,2989,5,10,14
1176,3344407,2797,5,10,14
1177,3344407,2989,5,10,14
1178,2803637,2989,5,10,14
1179,2051243,2796,5,10,14
1180,2002860,3096,5,10,14
1181,3079741,2982,5,10,14
1182,3063648,2989,5,10,14
1183,3348906,2989,5,10,14
1184,3080424,2989,5,10,14
1185,3076566,2989,5,10,14
1186,3069262,2989,5,10,14
1187,1061544,2989,5,10,14
1188,1061545,2989,5,10,14
1189,1061546,2989,5,10,14
1190,2128795,2989,5,10,14
1191,2129261,2989,5,10,14
1192,2129283,2989,5,10,14
1193,2002860,2989,5,10,14
1194,2129508,2796,5,10,14
1195,3076513,2989,5,10,14
1197,1015509,3048,13,11,9
1198,3164597,3072,13,11,9
1199,3425985,2984,13,11,9
1200,3164597,2984,13,11,9
1201,4047647,2783,13,11,9
1202,4047647,2783,13,11,9
1203,4617794,2881,13,11,9
1204,3398091,2984,13,11,9
1205,4006399,2783,13,11,9
1206,3426444,3085,13,11,9
1207,3139941,2941,13,11,9
1208,4043627,2884,13,11,9
1209,4623027,3072,1,12,10
1210,3053763,3039,1,12,10
1211,1031513,2868,1,12,10
1212,1057060,2978,1,12,10
1213,4623027,2783,1,12,10
1214,2097408,3055,1,12,10
1215,3062992,2884,1,12,10
1216,3063431,3047,1,12,10
1217,3338415,2801,1,12,10
1218,1008504,2985,1,12,10
1219,4607819,3040,1,12,10
1220,3424210,2801,1,12,10
1221,3000370,2801,1,12,10
1222,4096774,3141,1,12,10
1223,4311413,2987,1,12,10
1224,1001399,3044,1,12,10
1225,1046650,3048,1,12,10
1226,1008504,3086,1,12,10
1227,1005636,3050,1,12,10
1228,3051099,2841,1,12,10
1229,3074795,2958,1,12,10
1230,3049578,3048,1,12,10
1231,1087143,2868,1,12,10
1232,4005637,3048,1,12,10
1233,1008504,3048,1,12,10
1234,1077420,3048,1,12,10
1235,1056982,2668,1,12,10
1236,4618382,3047,1,12,10
1237,1012860,3050,1,12,10
1238,1090716,3050,1,12,10
1239,4119173,2884,1,12,10
1240,3000370,2958,1,12,10
1241,4125214,3084,1,12,10
1242,1038647,3086,1,12,10
1243,1016004,3141,1,12,10
1244,1001069,3048,1,12,10
1245,3001020,2884,1,12,10
1246,3053921,3080,1,12,10
1247,4617968,2987,1,12,10
1248,1013627,3075,1,12,10
1249,1001934,2865,1,12,10
1250,3223073,2456,1,12,10
1251,1005160,2801,1,12,10
1252,3327993,2574,1,12,10
1253,1083922,2980,1,12,10
1254,3064558,2865,1,12,10
1255,1810014,2865,1,12,10
1256,1057739,2865,1,12,10
1257,3001727,2884,1,12,10
1258,3223073,3072,1,12,10
1259,1053735,2868,1,12,10
1260,1075618,3048,1,12,10
1261,1077419,3068,1,12,10
1262,1809790,3053,1,12,10
1263,1077416,3048,1,12,10
1264,1077421,3068,1,12,10
1265,4005063,3050,1,12,10
1266,1091575,2797,1,12,10
1267,1077419,3048,1,12,10
1268,1077421,3048,1,12,10
1269,1007046,2865,1,12,10
1270,1050282,2989,1,12,10
1271,3223073,3047,1,12,10
1272,2129237,2868,1,12,10
1273,3424758,2958,1,12,10
1274,1023166,2868,1,12,10
1275,3137584,2801,1,12,10
1276,1053478,2868,1,12,10
1277,1050732,2868,1,12,10
1278,3023382,2865,1,12,10
1279,3023383,2865,1,12,10
1280,3426406,3077,1,12,10
1281,1013627,2868,1,12,10
1282,1090365,3050,1,12,10
1283,1047438,2868,1,12,10
1284,1083922,2868,1,12,10
1285,3029723,2865,1,12,10
1286,3800502,3050,1,12,10
1287,2831457,3050,1,12,10
1288,2128977,3050,1,12,10
1289,1023760,2868,1,12,10
1290,1016934,3086,1,12,10
1291,3254894,3050,1,12,10
1292,3426467,3084,1,12,10
1293,1016079,3050,1,12,10
1294,3087714,3084,1,12,10
1295,1016934,2868,1,12,10
1296,1010631,3048,1,12,10
1297,3022776,2978,1,12,10
1298,3249463,2865,1,12,10
1299,1020438,3048,1,12,10
1300,1020092,3048,1,12,10
1301,3009198,2958,1,12,10
1302,3032116,3047,1,12,10
1303,3062157,2884,1,12,10
1304,3075348,2987,1,12,10
1305,1012239,2865,1,12,10
1306,3327993,2799,1,12,10
1307,3327993,2865,1,12,10
1308,3063859,2989,1,12,10
1309,3426272,2941,1,12,10
1310,3005723,2941,1,12,10
1311,3068837,2801,1,12,10
1312,3421742,3055,1,12,10
1313,4008477,2841,1,12,10
1314,4617734,3059,1,12,10
1315,2092070,3050,1,12,10
1316,3140175,2941,1,12,10
1317,3424210,2865,1,12,10
1318,4437182,2941,1,12,10
1319,4619569,2941,1,12,10
1320,4619570,2941,1,12,10
1321,1087714,3050,1,12,10
1325,4206854,3133,19,13,5
1326,4206854,3080,19,13,5
1327,4206854,3050,19,13,5
1328,1034477,2774,19,13,8
1329,1033994,3129,19,13,11
1330,1090662,3141,19,13,11
1331,2128915,3053,19,13,11
1332,1040356,3086,19,13,11
1333,4618398,3084,19,13,11
1334,1028231,2881,19,13,11
1335,3244341,3076,19,13,11
1336,3003109,2995,19,13,11
1337,4003144,2982,19,13,11
1338,2083678,3096,19,13,11
1339,3425805,3116,19,13,11
1340,1001028,2879,19,13,11
1341,3166699,2987,19,13,11
1342,1084069,3085,19,13,11
1343,3817434,3133,19,13,11
1344,3156347,2987,19,13,11
1345,1090492,2865,19,13,11
1346,4004866,2841,19,13,11
1347,1090459,2619,19,13,11
1348,3139235,2884,19,13,11
1349,4605306,2879,19,13,11
1350,1003074,2984,19,13,11
1351,1015509,3048,19,13,11
1352,1031752,2801,19,13,11
1353,3331956,3053,19,13,11
1354,1050732,3102,19,13,11
1355,3074894,2958,19,13,11
1356,4581890,2987,19,13,11
1357,3137729,3055,19,13,11
1358,4614966,2841,19,13,11
1359,2129250,2879,19,13,11
1360,3049740,3055,19,13,11
1361,1090337,3055,19,13,11
1362,4138995,2987,19,13,11
1363,1008181,3055,19,13,11
1364,3136388,2881,19,13,11
1365,4285492,2987,19,13,11
1366,3140922,2829,19,13,11
1367,4595634,2774,19,13,11
1368,4618650,2841,19,13,11
1369,3073909,3044,19,13,11
1370,3055499,3044,19,13,11
1371,4004559,2841,19,13,11
1372,3425902,2829,19,13,11
1373,3068064,3047,19,13,11
1374,3132935,3116,19,13,11
1375,3331091,3044,19,13,11
1376,2818945,3044,19,13,11
1377,3830946,2995,19,13,11
1378,3331095,3044,19,13,11
1379,3397041,3085,19,13,11
1380,3081923,3044,19,13,11
1381,4518765,2976,19,13,11
1382,4618611,3047,19,13,11
1383,4441109,2841,19,13,11
1384,1002735,3129,19,13,11
1385,4147493,3047,19,13,11
1386,2129061,3075,19,13,11
1387,3425966,2987,19,13,11
1388,3000191,3044,19,13,11
1389,4068160,2881,19,13,11
1390,4618195,2868,19,13,11
1391,3076154,2619,19,13,11
1392,3072011,3084,19,13,11
1393,4005121,2868,19,13,11
1394,4112156,3047,19,13,11
1395,1061514,3055,19,13,11
1396,3802563,2829,19,13,11
1397,3055241,2727,19,13,11
1398,3426055,2987,19,13,11
1399,3421419,2987,19,13,11
1400,3426056,2987,19,13,11
1401,3174834,2774,19,13,11
1402,4004867,2841,19,13,11
1403,3009139,2829,19,13,11
1404,3050490,2232,19,13,11
1405,1087143,2732,19,13,11
1406,1064210,2868,19,13,11
1407,4614981,3050,19,13,11
1408,1013735,2881,19,13,11
1409,3336084,3047,19,13,11
1410,3832867,3047,19,13,11
1411,1027117,3116,19,13,11
1412,1059506,2865,19,13,11
1413,3424252,3044,19,13,11
1414,3326133,2879,19,13,11
1415,1806405,2987,19,13,11
1416,2014682,3085,19,13,11
1417,3426521,2879,19,13,11
1418,3210350,3047,19,13,11
1419,3056707,3048,19,13,11
1420,3048270,2881,19,13,11
1421,3044622,2879,19,13,11
1422,1047636,3044,19,13,11
1423,2129026,2865,19,13,11
1424,3336719,2868,19,13,11
1425,3800399,2868,19,13,11
1426,1015090,3050,19,13,11
1427,4006651,3055,19,13,11
1428,3137303,2884,19,13,11
1429,3428525,2783,19,13,11
1430,1000807,2783,19,13,11
1431,1090466,3050,19,13,11
1432,2092141,2783,19,13,11
1433,4618195,2868,19,13,11
1434,3421369,2987,19,13,11
1435,4607498,2868,19,13,11
1436,1010360,3141,19,13,11
1437,3043069,3085,19,13,11
1438,3072045,2982,19,13,11
1439,3007037,2879,19,13,11
1440,3043203,3085,19,13,11
1441,1022708,3050,7,17,15
1442,5013507,2982,7,17,15
1443,3424448,2879,7,17,15
1444,4619718,2941,7,17,15
1445,3044162,2995,7,17,15
1446,2058214,2870,7,17,15
1447,3044162,2879,7,17,15
1448,1017592,2396,7,17,15
1449,1075884,3050,7,17,15
1450,3421683,2879,7,17,15
1451,1008504,3048,7,17,15
1452,3255570,3129,7,17,15
1453,3356962,2976,7,17,15
1454,3328598,3055,7,17,15
1455,3426550,2958,7,17,15
1456,2003211,3053,7,17,15
1457,4215614,2783,7,17,15
1458,3180577,3085,7,17,15
1459,1063355,2868,7,17,15
1460,1090811,2619,7,17,15
1461,1090811,3102,7,17,15
1462,2128973,2796,7,17,15
1463,4004666,3048,7,17,15
1464,4004666,3048,7,17,15
1465,4438804,2783,7,17,15
1466,3055633,2982,7,17,15
1467,3055633,2982,7,17,15
1468,4303250,2829,7,17,15
1469,3325006,2976,7,17,15
1470,4617776,2941,7,17,15
1471,2127285,2989,7,17,15
1472,3119764,3084,7,17,15
1473,3426388,2982,7,17,15
1474,3426388,2982,7,17,15
1475,3072011,3084,7,17,15
1476,1014557,2958,7,17,15
1477,4285492,3048,7,17,15
1478,4121377,2958,7,17,15
1479,3425870,2941,7,17,15
1480,3425973,3044,7,17,15
1481,4020580,2841,6,18,2
1482,3064040,3096,6,18,2
1483,3006007,3084,6,18,2
1484,4619558,3047,6,18,2
1485,3044621,2987,6,18,2
1486,4607552,2783,6,18,2
1487,4607473,2783,6,18,2
1488,3064040,3129,6,18,2
1489,3426005,2989,6,18,2
1490,2129319,2958,6,18,2
1491,3079741,2879,6,18,2
1492,3426000,2865,6,18,2
1493,1064096,2868,6,18,2
1494,3055499,3051,6,18,2
1495,1015182,3048,6,18,2
1496,4043628,2884,6,18,2
1497,1031098,3047,6,18,2
1498,1015182,3048,6,18,2
1499,1015182,3048,6,18,2
1500,1090692,2984,6,18,4
1501,1023730,2881,6,18,4
1502,3007667,2619,6,18,4
1503,3007667,2783,6,18,4
1504,3390174,2879,6,18,8
1506,3244341,3096,6,18,11
1507,3244341,3085,6,18,11
1508,1013332,2987,6,18,17
1509,2089845,2783,6,18,17
1510,3426639,2879,6,18,17
1511,4004561,3084,6,18,17
1512,3030586,2958,6,18,17
1513,3045592,2879,6,18,17
1514,1031236,2868,6,18,17
1515,4038795,2783,6,18,17
1518,3060855,3047,6,18,12
1519,4006942,2796,6,18,12
1521,1090459,2783,11,19,11
1522,2094444,2841,11,19,16
1523,1012291,2884,11,19,16
1524,3053728,2995,11,19,16
1525,3078708,3059,11,19,16
1526,2011669,2989,11,19,16
1527,2092432,2865,11,19,16
1528,1007556,3129,11,19,16
1529,4614980,2987,11,19,16
1530,4069413,3044,11,19,16
1531,2128391,3044,11,19,16
1532,3055420,3055,11,19,16
1533,4000558,3070,11,19,16
1534,1001014,2783,11,19,16
1535,1014007,3077,11,19,16
1536,1089807,2987,11,19,16
1537,3000519,3047,11,19,16
1538,3398403,2881,11,19,16
1539,3854626,3084,11,19,16
1540,4473750,2987,11,19,16
1541,3137492,2796,11,19,16
1542,4617821,2783,11,19,16
1543,1080089,3070,11,19,16
1544,3244341,3076,11,19,16
1545,3418326,2774,11,19,16
1546,3425771,3084,11,19,16
1547,3426644,2879,11,19,16
1548,3244341,2879,11,19,16
1549,3425958,3084,11,19,16
1550,3423889,2774,11,19,16
1551,1080089,3072,11,19,16
1552,3426643,2774,11,19,16
1553,1080089,2987,11,19,16
1554,3043981,2841,11,19,16
1555,3023170,2984,11,19,16
1556,3039815,2978,11,19,16
1557,3428663,3102,11,19,16
1558,1022613,3048,11,19,16
1559,4617675,2879,11,19,16
1560,2129130,3044,11,19,16
1561,4000558,3048,11,19,16
1562,1012860,2881,11,19,16
1563,4210624,2543,11,19,16
1564,4004370,3070,11,19,16
1565,4618927,2987,11,19,16
1566,3014802,2829,11,19,16
1567,4617946,3077,11,19,16
1568,4210624,2543,11,19,16
1569,4009030,3044,11,19,16
1570,3325956,2995,11,19,16
1571,2086320,2839,11,19,16
1572,4004370,3048,11,19,16
1573,2058071,2796,11,19,16
1574,3325956,3055,11,19,16
1575,2086320,3141,11,19,16
1576,4210624,2984,11,19,16
1577,3425920,2982,11,19,16
1578,4070667,3050,11,19,16
1579,4617379,2884,11,19,16
1580,3107004,2796,11,19,16
1581,2000749,2796,11,19,16
1582,4063365,2978,11,19,16
1583,3426460,2984,11,19,16
1584,3425088,3044,11,19,16
1585,3322393,3085,11,19,16
1586,3004903,2550,11,19,16
1587,3418352,2550,11,19,16
1588,3029709,2865,11,19,16
1589,4618650,2987,11,19,16
1590,3421378,2801,11,19,16
1591,3043170,3044,11,19,16
1592,4298172,3084,11,19,16
1593,1015266,3050,11,19,16
1594,4615227,3084,11,19,16
1595,3071924,2783,11,19,16
1596,1004126,2796,11,19,16
1597,2128984,2989,11,19,16
1598,3425315,3044,11,19,16
1599,1049836,3053,11,19,16
1600,1008840,3048,11,19,16
1601,2042235,3053,11,19,16
1602,3067856,3077,11,19,16
1603,1014282,2783,11,19,16
1604,1038044,3048,11,19,16
1605,5171440,2978,11,19,16
1606,4607363,2958,11,19,16
1607,1000815,3048,11,19,16
1608,3198028,2732,11,19,16
1609,3010747,2978,11,19,16
1610,3010655,2978,11,19,16
1611,3043272,3047,11,19,16
1612,3425969,3048,11,19,16
1613,3050867,3048,11,19,16
1614,3424926,3048,11,19,16
1615,4017004,3044,11,19,16
1616,3029689,2984,11,19,16
1617,3142032,2984,11,19,16
1618,4017004,2796,11,19,16
1619,3176271,2984,11,19,16
1620,3076295,3047,11,19,16
1621,3178866,2978,11,19,16
1622,3409231,2978,11,19,16
1623,3076576,2879,11,19,16
1624,3059262,2619,11,19,16
1625,4618329,3050,11,19,16
1626,4619948,3050,11,19,16
1627,3064258,2958,11,19,16
1628,3062238,2829,11,19,16
1629,3063648,3084,11,19,16
1630,3426288,3048,11,19,16
1631,3815400,3048,11,19,16
1632,3059262,3048,11,19,16
1633,3068349,2865,11,19,16
1634,3029639,2783,11,19,16
1635,3062443,2978,11,19,16
1636,2011670,2989,11,19,16
1637,2129167,2865,11,19,16
1638,4618474,2865,11,19,16
1639,1090723,3048,11,19,16
1640,3117317,2829,11,19,16
1641,1026756,3048,11,19,16
1642,3036899,3050,11,19,16
1643,4020580,2941,11,19,16
1644,3425919,3048,11,19,16
1645,4000558,2958,11,19,16
1646,4617390,2976,11,19,16
1647,1080257,3044,11,19,16
1648,1090829,3044,11,19,16
1649,4438804,2783,11,19,16
1650,3346567,3048,11,19,16
1651,3137493,2796,11,19,16
1652,3421366,2881,11,19,16
1653,4298172,2829,11,19,16
1654,2024208,2796,11,19,16
1655,4030300,3051,11,19,16
1656,1082271,3048,11,19,16
1657,3206588,2941,11,19,16
1658,3210342,2941,11,19,16
1659,3425549,2941,11,19,16
1660,3198028,3059,11,19,16
1661,2014682,2796,11,19,16
1662,3056178,3050,11,19,16
1663,1005200,3085,11,19,16
1664,3335676,2958,11,19,16
1665,3426388,2982,11,19,16
1666,3061635,2870,11,19,16
1667,3398233,2870,11,19,16
1668,4114657,3059,11,19,16
1669,2017630,3048,11,19,16
1670,3203146,3044,11,19,16
1671,3018672,3084,11,19,16
1672,3005470,2958,11,19,16
1673,2128438,2989,11,19,16
1674,3175603,2987,11,19,16
1675,1090681,3050,11,19,16
1676,3348906,2232,11,19,16
1677,1028508,3048,11,19,16
1678,4464385,2865,11,19,16
1679,4220091,3051,11,19,16
1680,3338471,2958,11,19,16
1681,4282538,3048,11,19,16
1682,4282538,2879,11,19,16
1683,4431582,3059,11,19,16
1684,3007014,3044,11,19,16
1685,3055940,2420,11,19,16
1686,1089888,3048,11,19,16
1687,3426575,2841,11,19,16
1688,3256130,2801,11,19,16
1689,4620027,3050,11,19,16
1690,1032313,3044,11,19,16
1691,1090648,3050,11,19,16
1692,3421623,2829,11,19,16
1693,1090825,2232,11,19,16
1694,1053389,3044,11,19,16
1695,1052268,3055,11,19,16
1696,3818322,2941,11,19,16
1697,1090477,3059,11,19,16
1698,2005664,2865,11,19,16
1699,3421350,2941,11,19,16
1700,3421742,2879,11,19,16
1701,3130436,2984,11,19,16
1702,1012239,3051,11,19,16
1703,3424575,2982,11,19,16
1704,3426300,2868,11,19,16
1705,1015400,3073,11,19,16
1706,4448565,3083,11,19,16
1707,4004370,3048,11,19,16
1708,4448565,2783,11,19,16
1709,1048565,2801,11,19,16
1710,3426440,2796,11,19,16
1711,3426825,3085,11,19,16
1712,1089738,3050,11,19,16
1713,4005252,2879,11,19,16
1714,1064867,2868,11,19,16
1715,3139334,3085,11,19,16
1716,3426022,3047,11,19,16
1717,5165624,2984,11,19,16
1718,1001648,3048,2,20,5
1719,4618218,3075,2,20,17
1720,4607559,3083,2,20,17
1721,4454110,2841,2,20,17
1722,4454111,2841,2,20,17
1723,1024812,2982,2,20,17
1724,1015293,3048,2,20,17
1725,3012902,2801,2,20,17
1726,1005618,2987,2,20,17
1727,2130381,3117,2,20,17
1728,1028619,3055,2,20,17
1729,1089905,2884,2,20,17
1730,3425955,2829,2,20,17
1731,2803709,3096,2,20,17
1732,2129061,2796,2,20,17
1733,3026793,3076,2,20,17
1734,3049793,3068,2,20,17
1735,2803709,3129,2,20,17
1736,2017641,2865,2,20,17
1737,3815400,2980,2,20,17
1738,3049793,2619,2,20,17
1739,1033583,2796,2,20,17
1740,3075336,3121,2,20,17
1741,3815400,3055,2,20,17
1742,3049793,2619,2,20,17
1743,4867331,2865,2,20,17
1744,3049793,2881,2,20,17
1745,3124934,3055,2,20,17
1746,3135707,2884,2,20,17
1747,3026793,2801,2,20,17
1748,3426272,3055,2,20,17
1749,3176127,3085,2,20,17
1750,3323542,2799,2,20,17
1751,4005639,2796,2,20,17
1752,3323542,3058,2,20,17
1753,4005193,2796,2,20,17
1754,3075336,3047,2,20,17
1755,3323542,3047,2,20,17
1756,1090783,2783,2,20,17
1757,1083941,2879,2,20,17
1758,1058657,3141,2,20,17
1759,4005385,2881,2,20,17
1760,3251744,3055,2,20,17
1761,3421365,2865,2,20,17
1762,3421367,2865,2,20,17
1763,1030037,3047,2,20,17
1767,3060200,3047,8,21,18
1768,3424157,2982,8,21,18
1769,3158476,2982,8,21,18
1770,3158476,2982,8,21,18
1771,4119331,2865,8,21,18
1772,4119173,2865,8,21,18
1773,3426562,2958,8,21,18
1774,4617925,3048,8,21,18
1775,4607498,2420,8,21,18
1776,4619555,3048,8,21,18
1777,3075336,2841,8,21,18
1778,4082947,2879,8,21,18
1779,3063528,3044,8,21,18
1791,4005248,3050,5,22,2
1792,3116845,2884,8,23,19
1793,1047434,2841,8,23,19
1794,2128978,3085,8,23,19
1795,1000797,2619,8,23,19
1796,1000797,3050,8,23,19
1797,3421781,2982,8,23,19
1798,1039846,3050,8,23,19
1799,4446392,3133,8,23,19
1800,1046985,2783,8,23,19
1801,3062240,2879,8,23,19
1802,4548602,2884,8,23,19
1803,3000519,2989,8,23,19
1804,4446392,2783,8,23,19
1805,4596930,2783,8,23,19
1806,4025257,2841,8,23,19
1807,1090122,2941,8,23,19
1808,1048718,3044,8,23,19
1809,1062527,2868,8,23,19
1810,3324959,2801,8,23,19
1817,3018982,2801,18,14,2
1818,3391008,2865,18,14,5
1819,3391008,2865,18,14,5
1820,3257041,2987,18,14,12
1821,3208236,2879,18,14,12
1822,2014682,2958,18,14,12
1823,3179194,2881,18,14,12
1824,3425955,3048,18,14,12
1825,3426034,3048,18,14,12
1826,2127125,2958,18,14,12
1827,2127128,2958,18,14,12
1828,3061207,2989,18,14,12
1829,1090788,3055,18,14,12
1830,3426569,2982,18,14,12
1831,2129158,2958,18,14,12
1832,1090683,3072,18,14,12
1833,2000972,2879,18,14,12
1834,1090307,3048,18,14,12
1835,3059598,2989,18,14,12
1836,4000092,3047,18,14,12
1837,1090683,3055,18,14,12
1838,4036991,2841,18,14,12
1839,4619457,3084,18,14,12
1840,1012147,2829,18,14,12
1841,5170278,2982,18,14,12
1842,3041862,2958,18,14,12
1843,3191576,2884,18,14,12
1844,1015283,2868,18,14,12
1845,1083230,2868,18,14,12
1846,1089811,3047,18,14,12
1847,3196581,3050,18,14,12
1848,5166594,2982,18,14,12
1849,2129472,3048,18,14,12
1850,4258143,2783,18,14,12
1851,1006549,2783,18,14,12
1852,4083421,2879,18,14,12
1853,3060768,2865,18,14,12
1854,4614905,2879,18,14,12
1855,4619717,2879,18,14,12
1856,1016079,3050,18,14,12
1857,4617666,2987,18,14,12
1858,4080160,2987,18,14,12
1859,4212748,2783,18,14,12
1860,1045808,2868,18,14,12
1861,1048040,2783,18,14,12
1862,1015097,3048,18,14,12
1863,1813264,2987,18,14,12
1864,1054954,3059,18,14,12
1865,3329403,3117,18,14,12
1866,1005635,2796,18,14,12
1867,4020740,3059,18,14,12
1868,4146999,3059,18,14,12
1869,4005248,2881,18,14,12
1870,3080424,2619,18,14,12
1871,4618794,2958,18,14,12
1872,3080424,3048,18,14,12
1873,4044216,3059,18,14,12
1874,2010494,2958,18,14,12
1875,3078449,3059,18,14,12
1876,4047633,2987,18,14,12
1877,4623021,2881,18,14,12
1878,4085638,3050,18,14,12
1879,4618794,2987,18,14,12
1880,3421881,3085,18,14,12
1881,3000844,2987,18,14,12
1882,3414286,3039,18,14,12
1883,3331092,2884,18,14,12
1884,5820823,2984,18,14,12
1885,1090673,3055,18,14,12
1886,3006576,3047,18,14,12
1887,3043346,2868,18,14,12
1888,3138482,2879,18,14,12
1889,3425162,2958,18,14,12
1890,1015902,3141,18,14,12
1891,3414286,3055,18,14,12
1892,3424141,2958,18,14,12
1893,2001537,2868,18,14,12
1894,1004520,3059,18,14,12
1895,2128205,2989,18,14,12
1896,3134809,3076,18,14,12
1897,1003074,3053,18,14,12
1898,1007873,3044,18,14,12
1899,3322050,3085,18,14,12
1900,2028130,2865,18,14,12
1901,4159107,2456,18,14,12
1902,4159107,3047,18,14,12
1903,3134809,2884,18,14,12
1904,2005279,3075,18,14,12
1905,1089691,3141,18,14,12
1906,3044162,3058,18,14,12
1907,2005279,3085,18,14,12
1908,4020224,3050,18,14,12
1909,3044162,2879,18,14,12
1910,3044174,2879,18,14,12
1911,2007012,2958,18,14,12
1912,3074693,2884,18,14,12
1913,3426507,3077,18,14,12
1914,3426509,3077,18,14,12
1915,3832866,3055,18,14,12
1916,3043498,3044,18,14,12
1917,3187558,2958,18,14,12
1918,1036876,3141,18,14,12
1919,3426587,2958,18,14,12
1920,3398476,2884,18,14,12
1921,5011133,3084,18,14,12
1922,3334404,2829,18,14,12
1923,4618852,3050,18,14,12
1924,1089691,3077,18,14,12
1925,1090782,3055,18,14,12
1926,3166975,3044,18,14,12
1927,3012101,2884,18,14,12
1928,4124618,3084,18,14,12
1929,5086669,2884,18,14,12
1930,3150850,2801,18,14,12
1931,1089057,2868,18,14,12
1932,3049587,2987,18,14,12
1933,4615628,3050,18,14,12
1934,2129140,2783,18,14,12
1935,3180221,2884,18,14,12
1936,4139434,3047,18,14,12
1937,3424372,2989,18,14,12
1938,1015171,3050,18,14,12
1939,3414139,2987,18,14,12
1940,3073097,2984,18,14,12
1941,4301403,3044,18,14,12
1942,3074419,2958,18,14,12
1943,3328125,2796,18,14,12
1944,2001246,2868,18,14,12
1945,3807647,2987,18,14,12
1946,4000491,3047,18,14,12
1947,2124649,2989,18,14,12
1948,3414002,2829,18,14,12
1949,3344127,2989,18,14,12
1950,3000370,3050,18,14,12
1951,3143434,3044,18,14,12
1952,2124650,2989,18,14,12
1953,1000801,3055,18,14,12
1954,4051906,2884,18,14,12
1955,3426550,2958,18,14,12
1956,1090783,2783,18,14,12
1957,1058019,3044,18,14,12
1958,3426381,2884,18,14,12
1959,3066890,3044,18,14,12
1960,5083023,2879,18,14,12
1961,3058506,2783,18,14,12
1962,5170299,2987,18,14,12
1963,1008181,3048,18,14,12
1964,1008181,3048,18,14,12
1965,1067305,3141,18,14,12
1966,5023259,2984,18,14,12
1967,5170298,2987,18,14,12
1968,1004126,3047,18,14,12
1969,1090736,2958,18,14,12
1970,2129166,2989,18,14,12
1971,3074795,2958,18,14,12
1972,3137378,2841,18,14,12
1973,4051373,2783,18,14,12
1974,4256960,3047,18,14,12
1975,4311788,2884,18,14,12
1976,4311788,2884,18,14,12
1977,4311789,2884,18,14,12
1978,4311789,2884,18,14,12
1979,4618524,3055,18,14,12
1980,3189681,2879,18,14,12
1981,3122949,2841,18,14,12
1982,3078548,2989,18,14,12
1983,3074662,2941,18,14,12
1984,1007399,3044,18,14,12
1985,4615610,2987,18,14,12
1986,4153937,3102,18,14,12
1987,5024726,2982,18,14,12
1988,1015509,3055,18,14,12
1989,1017135,3055,18,14,12
1990,3413754,2865,18,14,12
1991,3172689,3044,18,14,12
1992,1089809,2884,18,14,12
1993,3110774,2829,18,14,12
1994,2128392,3053,18,14,12
1995,1090782,2989,18,14,12
1996,3413754,2865,18,14,12
1997,1024895,3050,18,14,12
1998,1046856,3053,18,14,12
1999,3062551,2958,18,14,12
2000,1014575,2987,18,14,12
2001,1079921,2868,18,14,12
2002,3066190,2989,18,14,12
2003,3426639,2865,18,14,12
2004,2006691,2841,18,14,12
2005,1090229,2987,18,14,12
2006,4622920,2879,18,14,12
2007,1063614,2864,18,14,12
2008,1085726,3055,18,14,12
2009,1019580,3048,18,14,12
2010,1083230,2868,18,14,12
2011,1010360,3044,18,14,12
2012,3055183,2982,18,14,12
2013,1090533,3050,18,14,12
2014,1026756,3047,18,14,12
2015,4002641,2783,18,14,12
2016,1002988,2987,18,14,12
2017,3396126,2884,18,14,12
2018,4226322,2987,18,14,12
2019,4226322,2987,18,14,12
2020,3396126,2884,18,14,12
2021,3815147,2865,18,14,12
2022,3122600,3044,18,14,12
2023,4175695,2987,18,14,12
2024,4619738,2884,18,14,12
2025,1023166,3048,18,14,12
2026,1090655,3047,18,14,12
2027,5055379,2958,18,14,12
2028,1090567,2868,18,14,12
2029,1090826,2783,18,14,12
2030,1080979,3055,18,14,12
2031,1077502,3055,18,14,12
2032,1089809,2884,18,14,12
2033,3007032,3044,18,14,12
2034,3331956,3047,18,14,12
2035,4617666,2879,18,14,12
2036,3070541,2984,18,14,12
2037,3426325,2369,18,14,12
2038,2128204,3077,18,14,12
2039,2129139,3053,18,14,12
2040,2129230,3053,18,14,12
2041,3010279,2941,18,14,12
2042,3069703,2884,18,14,12
2043,4473260,2884,18,14,12
2044,3063397,3047,18,14,12
2045,3835080,2987,18,14,12
2046,3255570,2884,18,14,12
2047,3067912,3048,18,14,12
2048,3425676,3050,18,14,12
2049,3396741,3050,18,14,12
2050,4005248,2987,18,14,12
2051,3070772,2958,18,14,12
2052,3067912,3048,18,14,12
2053,3117972,3044,18,14,12
2054,3029724,2868,18,14,12
2055,4303939,2941,18,14,12
2056,4139434,3059,18,14,12
2057,5169501,2941,18,14,12
2058,3328420,2865,18,14,12
2059,3425803,3084,18,14,12
2060,4030484,2995,18,14,12
2061,1077345,3050,18,14,12
2062,1035353,3048,18,14,12
2063,2128425,3053,18,14,12
2064,3076917,3053,18,14,12
2065,1090479,3048,18,14,12
2066,1001022,3055,18,14,12
2067,1080621,3048,18,14,12
2068,3811206,2550,18,14,12
2069,1013789,3047,18,14,12
2070,3043655,3044,18,14,12
2071,3043656,3044,18,14,12
2072,1040917,2868,18,14,12
2073,3182599,2982,18,14,12
2074,3145818,2801,18,14,12
2075,1007085,2958,18,14,12
2076,3425720,2801,18,14,12
2077,2129230,3077,18,14,12
2078,2129132,3053,18,14,12
2079,3855901,2958,18,14,12
2080,2833311,2783,18,14,12
2081,1080616,2868,18,14,12
2082,1080617,2868,18,14,12
2083,1000027,3048,18,14,12
2084,1014303,2868,18,14,12
2085,1015859,3050,18,14,12
2086,2129016,2783,18,14,12
2087,1059498,2868,18,14,12
2088,3428558,3053,18,14,12
2089,3050494,2796,18,14,12
2090,3010040,3047,18,14,12
2091,4607552,2783,18,14,12
2092,3055533,2884,18,14,12
2093,2129237,2865,18,14,12
2094,3397041,2941,18,14,12
2095,4115449,2865,18,14,12
2096,3117889,3053,18,14,12
2097,3421366,2865,18,14,12
2098,3062550,3048,18,14,12
2099,4047973,2881,16,15,13
2100,2128915,2868,16,15,13
2101,3029053,2978,16,15,13
2102,2051401,3077,16,15,13
2103,4005176,2796,16,15,13
2104,3424487,3102,16,15,13
2105,1063614,2868,16,15,13
2106,3072218,2881,16,15,13
2107,1050763,3141,16,15,13
2108,4054159,2978,16,15,13
2109,3143291,2881,16,15,13
2110,3390325,2978,16,15,13
2111,1053761,3131,16,15,13
2112,3030658,2978,16,15,13
2113,2129008,2865,16,15,13
2114,2129125,2865,16,15,13
2115,3100099,2881,16,15,13
2116,4079303,2881,16,15,13
2117,4079304,2881,16,15,13
2118,4079305,2881,16,15,13
2119,4079306,2881,16,15,13
2120,4079308,2881,16,15,13
2121,3045210,3102,16,15,13
2122,3018074,2796,16,15,13
2123,4594828,3084,16,15,13
2124,4594829,3084,16,15,13
2125,3070230,2535,16,15,13
2126,2129126,2868,16,15,13
2127,1015457,2868,16,15,13
2128,4036712,3117,16,15,13
2129,3180868,3102,16,15,13
2130,1050477,2881,16,15,13
2131,4000290,2865,16,15,13
2132,2005406,2881,16,15,13
2133,1047419,3075,16,15,13
2134,1047419,3073,16,15,13
2135,4618852,3050,16,15,13
2136,1047419,3075,16,15,13
2137,1063603,3053,16,15,13
2138,3010481,2801,16,15,13
2139,1060213,2989,16,15,13
2140,3048270,2941,16,15,13
2141,3426420,2879,15,16,14
2142,2128910,2783,15,16,14
2143,3326134,2941,15,16,14
2144,3425799,2941,15,16,14
2145,3426523,2941,15,16,14
2146,3818775,2958,15,16,14
2147,1090808,3048,15,16,14
2148,4618758,2783,15,16,14
2149,3341996,3163,15,16,14
2150,3139165,2884,15,16,14
2151,3139166,2884,15,16,14
2152,4170126,3131,15,16,14
2153,3425161,2774,15,16,14
2154,2128413,3044,15,16,14
2155,3338179,3102,15,16,14
2156,3168886,2829,15,16,14
2157,3050842,3047,15,16,14
2158,4085753,2829,15,16,14
2159,2057527,2829,15,16,14
2160,3425463,2982,15,16,14
2161,3058101,3044,15,16,14
2162,1078398,3044,15,16,14
2163,3054940,3047,15,16,14
2164,3015229,3044,15,16,14
2165,3044335,3047,15,16,14
2166,3044141,3047,15,16,14
2167,5090047,3055,15,16,14
2168,3049844,3055,15,16,14
2169,3068064,3055,15,16,14
2170,3066780,3055,15,16,14
2171,2017272,3129,15,16,14
2172,4017173,3044,15,16,14
2173,3063067,3044,15,16,14
2174,3100403,2829,15,16,14
2175,3422837,2829,15,16,14
2176,3217836,3085,15,16,14
2177,4616574,2987,15,16,14
2178,1009384,2987,15,16,14
2179,4597864,2987,15,16,14
2180,1032517,2884,15,16,14
2181,3131033,2829,15,16,14
2182,1082398,2987,15,16,14
2183,3205174,2958,15,16,14
2184,3030619,3085,15,16,14
2185,3189681,2884,15,16,14
2186,4125214,2884,15,16,14
2187,1062356,3055,15,16,14
2188,1043237,3047,15,16,14
2189,3213971,3050,15,16,14
2190,2008886,2783,15,16,14
2191,3320012,2884,15,16,14
2192,3426819,3047,15,16,14
2193,2057822,2989,15,16,14
2194,3040185,3047,15,16,14
2195,3012932,3047,15,16,14
2196,3100328,2982,15,16,14
2197,3076566,2396,15,16,14
2198,3213929,3050,15,16,14
2199,3323455,2727,15,16,14
2200,3068779,2984,15,16,14
2201,4000479,3047,15,16,14
2202,4051930,2987,15,16,14
2203,4164530,2868,15,16,14
2204,3048270,3058,15,16,14
2205,1032517,2884,15,16,14
2206,3426174,2982,15,16,14
2207,3425001,3102,15,16,14
2208,3189360,3077,15,16,14
2209,3189360,3077,15,16,14
2210,3426552,3055,15,16,14
2211,3418357,2884,15,16,14
2212,3414453,2884,15,16,14
2213,3037366,3163,15,16,14
2214,3029645,3117,15,16,14
2215,3010040,3163,15,16,14
2216,1027108,3044,15,16,14
2217,2016339,3085,15,16,14
2218,5171621,2989,15,16,14
2219,4215619,2841,15,16,14
2220,3402017,2982,15,16,14
2221,1048719,3044,15,16,14
2222,2016340,3053,15,16,14
2223,3067908,2420,15,16,14
2224,3421880,3141,15,16,14
2225,3421879,3141,15,16,14
2226,2016341,3053,15,16,14
2227,2016339,3053,15,16,14
2228,2124623,2865,15,16,14
2229,2049374,3064,15,16,14
2230,3003192,3141,15,16,14
2231,4618933,3050,15,16,14
2232,1041086,3048,15,16,14
2233,1008862,3044,15,16,14
2234,1043163,3048,15,16,14
2235,3006742,3131,15,16,14
2236,2128923,2829,15,16,14
2237,1051443,3064,15,16,14
2238,3063587,3044,15,16,14
2239,3421818,2865,15,16,14
2240,4209584,3053,15,16,14
2241,1063920,2987,15,16,14
2242,3002427,2987,15,16,14
2243,3421818,2865,15,16,14
2244,4040253,2783,15,16,14
2245,4121377,2958,15,16,14
2246,3070073,3055,15,16,14
2247,4003546,3048,15,16,14
2248,3043655,2978,15,16,14
2249,3066609,3044,15,16,14
2250,3069785,3055,15,16,14
2251,3070727,2884,15,16,14
2252,4003546,3048,15,16,14
2253,3048270,3067,15,16,14
2254,3001764,3053,15,16,14
2255,1075486,3053,15,16,14
2256,2003082,2989,15,16,14
2257,1075486,2574,15,16,14
2258,1013332,2987,15,16,14
2259,3006578,3102,15,16,14
2260,3065317,3044,15,16,14
2261,3069322,3055,15,16,14
2262,3412023,2884,15,16,14
2263,3106594,2941,15,16,14
2264,1007179,2987,15,16,14
2265,3049092,2958,15,16,14
2266,3136090,2884,15,16,14
2267,3068515,3055,15,16,14
2268,3154927,2829,15,16,14
2269,4096893,2783,15,16,14
2270,4618383,2420,15,16,14
2271,3064592,2884,15,16,14
2272,3066780,2884,15,16,14
2273,3063587,3044,15,16,14
2274,3119348,2774,15,16,14
2275,3334868,2829,15,16,14
2276,4270452,2881,15,16,14
2277,3217836,3050,15,16,14
2278,1054204,2989,15,16,14
2279,3056905,3129,15,16,14
2280,1057042,2989,15,16,14
2281,1090225,2884,15,16,14
2282,1084069,3047,15,16,14
2285,1020599,3075,4,24,20
2286,3428509,3055,4,24,20
2287,3037138,3131,4,24,20
2288,1015024,2978,4,24,20
2289,3021513,2456,4,24,20
2290,4006037,2976,4,24,20
2291,3425594,2881,4,24,20
2292,2028945,3141,4,24,20
2293,1090721,2841,4,24,20
2294,2011690,3116,4,24,20
2295,2128558,3116,4,24,20
2296,2806860,3050,4,24,20
2297,3009201,3048,4,24,20
2298,4801894,2870,4,24,20
2299,2021659,3141,4,24,20
2300,3113855,3131,4,24,20
2301,4048461,2987,4,24,20
2302,4616981,2987,4,24,20
2303,3074542,2978,4,24,20
2304,3117142,2884,4,24,20
2305,3119908,2774,4,24,20
2306,4077483,2987,4,24,20
2307,1075787,2982,4,24,20
2308,2013876,3116,4,24,20
2309,3428612,2978,4,24,20
2310,3426643,3131,4,24,20
2311,1015000,3048,4,24,20
2312,2098411,2881,4,24,20
2313,3017923,3102,4,24,20
2314,4615628,2884,4,24,20
2315,4619753,3085,4,24,20
2316,1090776,2982,4,24,20
2317,3418366,3077,4,24,20
2318,3421605,2841,4,24,20
2319,4114272,3044,4,24,20
2320,4618218,2884,4,24,20
2321,4053651,3131,4,24,20
2322,4000542,2884,4,24,20
2323,3051160,2868,4,24,20
2324,3329403,2995,4,24,20
2325,1058249,3044,4,24,20
2326,1004593,3086,4,24,20
2327,1041797,3141,4,24,20
2328,4607559,2870,4,24,20
2329,1041797,3141,4,24,20
2330,3423327,2884,4,24,20
2331,3012756,3039,4,24,20
2332,3012756,2984,4,24,20
2333,3079646,3085,4,24,20
2334,2017949,3048,4,24,20
2335,1010011,3048,4,24,20
2336,3043655,3047,4,24,20
2337,3138243,2941,4,24,20
2338,1054981,3129,4,24,20
2339,3061534,2774,4,24,20
2340,4038995,3044,4,24,20
2341,1001451,3050,4,24,20
2342,4156297,2881,4,24,20
2343,4115449,3053,4,24,20
2344,3337703,3129,4,24,20
2345,3423327,2989,4,24,20
2346,3048334,3044,4,24,20
2347,3155666,2984,4,24,20
2348,3062870,3102,4,24,20
2349,2010043,2881,4,24,20
2350,2128732,2881,4,24,20
2351,2128439,3141,4,24,20
2352,1000807,3086,4,24,20
2353,4210575,3117,4,24,20
2354,1012831,3086,4,24,20
2355,4051460,2987,4,24,20
